mjesec,tema,analiza,analiza_datum,analiza_url,analiza_status,analiza_opis
M1,Pokretanje sajta,Prvi pregled svjetskih tržišta,,,,
M2,Domaći investitor,Mjesečni pregled,,,,
M3,Kompanije,Mjesečni + kvartalni pregled domaćeg tržišta,,,,
M4,Dijaspora,Mjesečni pregled,,,,
M5,Rizik,Mjesečni pregled,,,,
M6,Savjetovanje,Mjesečni + kvartalni pregled,,,,
M7,Domaće tržište,Mjesečni pregled,,,,
M8,Portfelj,Mjesečni pregled,,,,
M9,Institucije,Mjesečni + kvartalni pregled,,,,
M10,Troškovi,Mjesečni pregled,,,,
M11,Dugoročno ulaganje,Mjesečni pregled,,,,
M12,Godišnji pregled,Mjesečni + kvartalni + godišnji osvrt,,,,
