mjesec,vodic,opis,vodic_link,vodic_datum,vodic_featured
M1 · Pokretanje sajta,Kako otvoriti brokerski račun - korak po korak,,,,
M2 · Domaći investitor,Obveznice Republike Srpske za štediše,,,,
M3 · Kompanije,Šta je ETF,,,,
M4 · Dijaspora,Investiranje iz inostranstva - dokumentacija i postupak,,,,
M5 · Rizik,Rizik i prinos,,,,
M6 · Savjetovanje,"Razlika između informacije, analize i preporuke",,,,
M7 · Domaće tržište,Naslijeđene akcije - šta s njima,,,,
M8 · Portfelj,Diversifikacija na malom portfelju,,,,
M9 · Institucije,Šta je ugovoreni nivo usluge,,,,
M10 · Troškovi,Koliko stvarno košta trgovanje,,,,
M11 · Dugoročno ulaganje,Ulaganje za djecu i dugoročna štednja,,,,
M12 · Godišnji pregled,Godina na tržištu,,,,
